time,size_sent,size_rcv 
0,25.23125,90.1671875 
10,53.48203125,138.8 
20,57.8890625,120.921875 
30,58.90546875,128.284375 
40,120.953125,288.08125 
50,144.29375,189.77421875 
60,153.36796875,230.31640625 
70,229.1890625,354.61796875 
