time,page 
0,1022.746159470778 
10,1634.861146338706 
20,1722.686238691446 
30,1572.8105296981319 
40,4541.5093599796655 
50,5252.683493268732 
60,8000.549491245804 
70,7063.14803817496 
