time,connect,request 
0,12.066702326989988,1022.746159470778 
10,2.8296564187900977,1634.861146338706 
20,2.6797925803430083,1722.686238691446 
30,3.347594845873248,1572.8105296981319 
40,3.134897603346542,4541.5093599796655 
50,3.286993802260101,5252.683493268732 
60,2.9557292824732526,8000.549491245804 
70,3.0208997153419435,7063.14803817496 
