time,cpu@tsung_controller@ip-172-31-23-195 
0,0.4723098433626705 
10,1.593625498007968 
20,1.593625498007968 
30,1.593625498007968 
40,2.0874751491053676 
50,2.973240832507433 
60,2.973240832507433 
70,3.589232303090728 
