time,session 
0,7304.799499999999 
10,13848.457444444444 
20,18543.382066666665 
30,27580.650499999996 
40,25923.397999999994 
50,16011.421721153843 
60,20044.731699999997 
70,20366.689213872807 
