time,cpu@tsung_controller@ip-172-31-23-195 
0,0.4723098433626705 
10,0.4723098433626705 
20,0.4723098433626705 
30,0.4723098433626705 
40,0.4723098433626705 
50,0.4723098433626705 
60,0.4723098433626705 
70,0.4723098433626705 
