time,freemem@tsung_controller@ip-172-31-23-195 
0,3526.4765625 
10,3526.4765625 
20,3526.4765625 
30,3526.4765625 
40,3526.4765625 
50,3526.4765625 
60,3526.4765625 
70,3526.4765625 
