time,size_sent,size_rcv 
0,25.23125,90.1671875 
10,78.71328125,228.9671875 
20,136.60234375,349.8890625 
30,195.5078125,478.1734375 
40,316.4609375,766.2546875 
50,460.7546875,956.02890625 
60,614.12265625,1186.3453125 
70,843.31171875,1540.96328125 
