time,session 
0,1100.2515 
10,2159.1803696297507 
20,2243.092605544987 
30,3478.975042962834 
40,9007.42978314992 
50,11445.959983837633 
60,16774.437492083864 
70,15369.685648792367 
