time,connect,request 
0,6.640024390243901,1118.9442586206897 
10,3.39154,3713.2238500000008 
20,3.4456511627907,5379.661442105261 
30,4.186020202020199,8825.84400952382 
40,3.662725490196078,4406.056050314468 
50,3.7818080808080787,2268.8200411255384 
60,3.1121666666666634,3948.0459828897338 
70,3.668427835051548,3306.075484137934 
