time,freemem@tsung_controller@ip-172-31-23-195 
0,3526.4765625 
10,3521.7421875 
20,3514.98046875 
30,3512.65625 
40,3505.73046875 
50,3497.3359375 
60,3495.93359375 
70,3492.94140625 
