time,page 
0,1118.9442586206897 
10,3713.2238500000008 
20,5379.661442105261 
30,8825.84400952382 
40,4406.056050314468 
50,2268.8200411255384 
60,3948.0459828897338 
70,3306.075484137934 
