time,freemem@tsung_controller@ip-172-31-22-238 
0,3534.48046875 
10,3532.65625 
20,3526.7890625 
30,3522.69921875 
40,3516.47265625 
50,3513.54296875 
60,3508.04296875 
70,3503.42578125 
80,3501.54296875 
90,3497.80859375 
100,3496.69140625 
110,3495.9609375 
120,3495.59765625 
130,3495.36328125 
140,3495.12890625 
150,3495.0390625 
160,3503.296875 
170,3503.27734375 
172,3504.0234375 
