time,cpu@tsung_controller@ip-172-31-22-238 
0,0.31794027472150543 
10,0.5982053838484547 
20,0.5958291956305859 
30,0.791295746785361 
40,1.1787819253438114 
50,1.2770137524557956 
60,0.9823182711198428 
70,1.6585365853658538 
80,2.318840579710145 
90,3.0563514804202483 
100,2.5592417061611377 
110,3.1761308950914344 
120,3.368623676612127 
130,0.49652432969215493 
140,0.19940179461615154 
150,0.19960079840319359 
160,1.1904761904761905 
170,1.4851485148514851 
172,0.29910269192422734 
