time,cpu@tsung_controller@ip-172-31-22-238 
0,0.31794027472150543 
10,0.5982053838484547 
20,0.5982053838484547 
30,0.791295746785361 
40,1.1787819253438114 
50,1.2770137524557956 
60,1.2770137524557956 
70,1.6585365853658538 
80,2.318840579710145 
90,3.0563514804202483 
100,3.0563514804202483 
110,3.1761308950914344 
120,3.368623676612127 
130,3.368623676612127 
140,3.368623676612127 
150,3.368623676612127 
160,3.368623676612127 
170,3.368623676612127 
172,3.368623676612127 
