time,session 
0,1239.5537551205925 
10,3148.53019145148 
20,2048.0523478159425 
30,2319.285726230338 
40,4197.4330625523935 
50,8835.24737605808 
60,12227.33662763224 
70,13118.010653795556 
80,12826.78657908223 
90,14258.21113725975 
100,14189.968569881066 
110,13602.43124741938 
120,16891.646465945596 
130,16341.281006960435 
140,14454.33873452148 
150,13556.00674886686 
160,9616.003957996456 
170,8660.153148327769 
172,7952.215397946583 
