time,page 
0,826.711501964907 
10,1332.2377698789444 
20,2484.550741440982 
30,2607.500479756182 
40,3201.829721700469 
50,6307.3884026482265 
60,6352.690888836587 
70,6721.66849307266 
80,6494.106629807729 
90,7476.086701148518 
100,6705.328281423212 
110,7466.918804578105 
120,11734.809756569557 
130,6344.276540663696 
140,2958.66640023922 
150,3586.9012073669264 
160,3563.2266453635743 
170,3959.0351451587385 
172,3024.507955457283 
