time,freemem@tsung_controller@ip-172-31-22-238 
0,3534.48046875 
10,3534.48046875 
20,3534.48046875 
30,3534.48046875 
40,3534.48046875 
50,3534.48046875 
60,3534.48046875 
70,3534.48046875 
80,3534.48046875 
90,3534.48046875 
100,3534.48046875 
110,3534.48046875 
120,3534.48046875 
130,3534.48046875 
140,3534.48046875 
150,3534.48046875 
160,3534.48046875 
170,3534.48046875 
172,3534.48046875 
