time,page 
0,649.0800983606557 
10,1508.8126116504861 
20,5189.928107526881 
30,5362.699987730064 
40,7243.451447999999 
50,7421.498091346153 
60,3566.6235380281673 
70,3049.708520279715 
80,2318.4145871934616 
90,2921.20030307467 
100,2062.8009874572367 
110,2378.5884800910153 
120,8559.610669444448 
130,17088.520399999998 
140,22862.21760606061 
150,24517.250419354834 
160,28378.677899999995 
170,25854.339578947365 
172,23193.484500000002 
