time,session 
0,4437.95825 
10,8725.0959 
20,14754.622137931035 
30,19220.20087096774 
40,20631.76481818182 
50,21564.338418181826 
60,17158.44461616163 
70,13539.570798206267 
80,11617.252802469144 
90,13977.160778801852 
100,10670.807475694448 
110,10675.842788343547 
120,21116.708869230766 
130,38454.398192307686 
140,40230.746540540524 
150,46296.44663999999 
160,52773.82427586207 
170,63406.524052631554 
172,68050.99411538463 
