time,session 
0,3420.8419999999996 
10,8626.387629629628 
20,11959.13048148148 
30,15843.11102777778 
40,17631.63758064516 
50,17178.54194915254 
60,10601.477063829789 
70,8824.411676258998 
80,12264.483573333328 
90,11668.111114285724 
100,7969.516840625004 
110,10525.058370370361 
120,16056.495699346406 
130,46453.26969565216 
140,37176.3094848485 
150,53920.877472222215 
160,63767.974357142855 
170,63447.04815151515 
177,66938.49785714287 
