time,page 
0,1018.2489682539684 
10,3723.532038461538 
20,5144.773379746835 
30,8251.102343283581 
40,8085.960583333335 
50,8460.540666666675 
60,4582.067624999995 
70,3412.9016513761458 
80,5744.712712538224 
90,5133.688528225806 
100,2207.1005862619822 
110,4491.582035433065 
120,9093.735977099243 
130,32390.83837037038 
140,29624.38647887324 
150,33636.42643181819 
160,31143.588870967742 
170,32301.09075757576 
177,32001.465821428566 
