time,page 
0,754.4094828103355 
10,2059.0666136081113 
20,2043.8356020887668 
30,1873.7007188239354 
40,2916.428381742245 
50,6673.8327996551025 
60,7778.747289830971 
70,8124.378202113588 
80,10313.737729834187 
90,11124.271019273801 
100,7252.987538426026 
110,10935.575065026502 
120,13509.181945600909 
130,5491.746360934658 
140,3189.306742916206 
150,4301.240076326449 
160,1317.5639298569577 
170,1853.5026535511195 
177,2223.9013865510256 
