time,freemem@tsung_controller@ip-172-31-23-195 
0,3522.64453125 
10,3521.94921875 
20,3518.65625 
30,3516.9609375 
40,3516.078125 
50,3509.7421875 
60,3508.5 
70,3506.70703125 
80,3505.890625 
90,3505.66015625 
100,3505.3359375 
110,3504.91015625 
120,3504.875 
130,3503.4375 
140,3503.4375 
150,3503.4375 
160,3503.4375 
170,3503.4375 
177,3503.4375 
