time,freemem@tsung_controller@ip-172-31-23-195 
0,3522.64453125 
10,3522.64453125 
20,3522.64453125 
30,3522.64453125 
40,3522.64453125 
50,3522.64453125 
60,3522.64453125 
70,3522.64453125 
80,3522.64453125 
90,3522.64453125 
100,3522.64453125 
110,3522.64453125 
120,3522.64453125 
130,3522.64453125 
140,3522.64453125 
150,3522.64453125 
160,3522.64453125 
170,3522.64453125 
177,3522.64453125 
