time,cpu@tsung_controller@ip-172-31-23-195 
0,0.5051019338530608 
10,2.206619859578736 
20,2.206619859578736 
30,2.206619859578736 
40,2.206619859578736 
50,2.206619859578736 
60,2.206619859578736 
70,2.206619859578736 
80,2.206619859578736 
90,2.206619859578736 
100,2.8112449799196786 
110,3.1031031031031033 
120,3.296703296703297 
130,3.296703296703297 
140,3.296703296703297 
150,3.296703296703297 
160,3.296703296703297 
170,3.296703296703297 
177,3.296703296703297 
