time,session 
0,1088.9641819195976 
10,2360.090150000083 
20,2470.400650194731 
30,2661.698365877775 
40,2931.8257766092843 
50,8642.485216586538 
60,11393.737893130225 
70,12201.860351670912 
80,14828.955112625821 
90,15643.049870509136 
100,13307.033323436804 
110,16075.61459568569 
120,17960.240293032908 
130,13395.689932572212 
140,11281.463680811592 
150,11924.073101804774 
160,5281.845499668032 
170,5848.505740877199 
177,1030.1237256892207 
