time,cpu@tsung_controller@ip-172-31-23-195 
0,0.5051019338530608 
10,0.5051019338530608 
20,0.5020080321285141 
30,0.4024144869215292 
40,0.4024144869215292 
50,0.4024144869215292 
60,0.4024144869215292 
70,0.4024144869215292 
80,0.4024144869215292 
90,0.4024144869215292 
100,0.4024144869215292 
110,0.4024144869215292 
120,0.4024144869215292 
130,0.4024144869215292 
140,0.3003003003003003 
150,0.3003003003003003 
160,0.2997002997002997 
170,0.10030090270812438 
177,0.10030090270812438 
