time,cpu@tsung_controller@ip-172-31-23-195 
0,0.5051019338530608 
10,2.206619859578736 
20,0.5020080321285141 
30,0.4024144869215292 
40,0.9045226130653266 
50,0.6060606060606061 
60,0.7056451612903225 
70,1.120162932790224 
80,1.7276422764227644 
90,1.809045226130653 
100,2.8112449799196786 
110,3.1031031031031033 
120,3.296703296703297 
130,0.6030150753768844 
140,0.3003003003003003 
150,0.40040040040040037 
160,0.2997002997002997 
170,0.10030090270812438 
177,0.1998001998001998 
