time,size_sent,size_rcv 
0,20.33828125,86.409375 
10,29.00546875,61.153125 
20,30.45625,91.8375 
30,33.30546875,73.8796875 
40,50.10625,135.346875 
50,45.40625,106.7109375 
60,90.8578125,164.56875 
70,118.21796875,226.340625 
80,95.1953125,159.628125 
90,133.253125,218.3625 
100,138.428125,206.9859375 
110,130.090625,195.7828125 
120,56.76875,145.8234375 
130,24.6453125,63.2203125 
140,16.60703125,78.0140625 
150,11.2484375,25.1109375 
160,0,3.3421875 
170,0,3.5578125 
177,0,3.01875 
