time,size_sent,size_rcv 
0,23.82734375,74.47578125 
10,39.14609375,110.7140625 
20,34.75078125,132.553125 
30,45.48984375,150.00703125 
