time,session 
0,1770.7246317347178 
10,2319.821014945526 
20,1728.5728574515306 
30,2323.893494321121 
