time,connect,request 
0,5.922703339799399,666.5225541105256 
10,4.413035417953827,2103.5353010813924 
20,2.5654739477119803,2519.700665749466 
30,3.562487255078932,2663.931507867535 
