time,session 
0,3169.081055555556 
10,7248.621666666667 
20,9015.432076923076 
30,10498.484820000007 
