time,load@tsung_controller@ip-172-31-29-97 
0,0.01953125 
10,0.01953125 
20,0.01953125 
30,0.01171875 
