time,size_sent,size_rcv 
0,23.82734375,74.47578125 
10,62.9734375,185.18984375 
20,97.72421875,317.74296875 
30,143.2140625,467.75 
