time,page 
0,666.5225541105256 
10,2103.5353010813924 
20,2519.700665749466 
30,2663.931507867535 
