time,cpu@tsung_controller@ip-172-31-29-97 
0,0.4533949701203366 
10,0.4533949701203366 
20,0.4533949701203366 
30,0.4533949701203366 
