time,page 
0,704.4312631578946 
10,2439.21131521739 
20,3861.612846153844 
30,3792.901376068375 
