time,connect,request 
0,3.3194418604651146,704.4312631578946 
10,4.23742372881356,2439.21131521739 
20,2.7044166666666665,3861.612846153844 
30,3.8417395833333354,3792.901376068375 
