time,freemem@tsung_controller@ip-172-31-29-97 
0,3528.4296875 
10,3526.53515625 
20,3523.921875 
30,3522.984375 
