time,cpu@tsung_controller@ip-172-31-29-97 
0,0.4533949701203366 
10,0.8016032064128256 
20,2.6026026026026026 
30,2.6026026026026026 
