time,freemem@tsung_controller@ip-172-31-29-97 
0,3528.4296875 
10,3528.4296875 
20,3528.4296875 
30,3528.4296875 
