time,session 
50,4230.064398647498 
60,7727.69020570387 
70,12400.584522637164 
80,13440.730380044934 
90,14184.333325816302 
100,12104.535681080932 
110,15635.023008820532 
111,0 
