time,session 
50,50531.218 
60,53357.48573333333 
70,61261.43159375001 
80,63186.28723076922 
90,61282.04459090907 
100,58413.31107246375 
110,70232.39028571428 
111,0 
