time,cpu@tsung_controller@ip-172-31-20-155 
0,0.2500632104226346 
10,0.2500632104226346 
20,0.2500632104226346 
30,0.2500632104226346 
40,0.2500632104226346 
50,0.2500632104226346 
60,0.2500632104226346 
70,0.2500632104226346 
80,0.2500632104226346 
90,0.2500632104226346 
100,0.2500632104226346 
110,0.2500632104226346 
111,0.0 
