time,session 
0,0 
10,1671.886548729909 
20,2196.8230155173 
30,3148.1435405233465 
40,8337.915751940034 
50,12597.373537551563 
60,16600.930147226285 
70,14060.616174574647 
80,15487.192890641096 
90,13618.502939022177 
100,12575.513969696947 
110,12322.506194963727 
120,11904.556961970997 
130,9975.829069012632 
140,6862.389745006782 
150,7093.536418061615 
160,3597.1738853912593 
160,0 
