time,cpu@tsung_controller@ip-172-31-22-238 
0,0.25771452249875265 
10,0.5982053838484547 
20,0.7944389275074478 
30,0.8875739644970414 
40,1.3793103448275863 
50,1.3671875 
60,1.9474196689386565 
70,2.2900763358778624 
80,2.292263610315186 
90,4.238921001926782 
100,4.8169556840077075 
110,2.9636711281070744 
120,3.1639501438159154 
130,1.6699410609037328 
140,3.9177277179236047 
150,1.185770750988142 
160,1.467710371819961 
