time,page 
0,755.2727160060163 
10,1933.2577199733348 
20,1861.2867367721954 
30,1785.389276626089 
40,5125.49247982774 
50,5116.328741968192 
60,6997.067563829001 
70,6790.496787622345 
80,5903.177975736857 
90,5206.736590534748 
100,5058.493693941014 
110,5486.7794961939535 
120,7475.959094257296 
130,5698.761775927476 
140,3442.8556142990087 
150,6529.995022209285 
160,6.15637755477511 
160,0 
