time,freemem@tsung_controller@ip-172-31-22-238 
0,3523.19140625 
10,3518.6015625 
20,3512.4375 
30,3510.76953125 
40,3503.54296875 
50,3495.6328125 
60,3493.58203125 
70,3491.53515625 
80,3489.37890625 
90,3488.53515625 
100,3486.4765625 
110,3486.4765625 
120,3486.4765625 
130,3486.4765625 
140,3486.4765625 
150,3486.4765625 
160,3486.4765625 
