time,session 
0,7691.865 
10,13709.867999999999 
20,20431.986533333325 
30,28437.801066666663 
40,31550.594437500004 
50,16883.20499090908 
60,21296.399758620682 
70,18911.253215568853 
80,18440.19812135923 
90,15090.559569767449 
100,12668.605496753251 
110,13579.393057046984 
120,16245.984234146337 
130,27873.550477272714 
140,39405.18118749999 
150,45533.90516964283 
160,45456.3703076923 
160,0 
