time,page 
0,892.732205882353 
10,3318.980557894736 
20,5981.322499999998 
30,8596.62986842106 
40,6292.379822314042 
50,2311.0317572992667 
60,3411.0246313932953 
70,3195.9510613138664 
80,2479.2721116389484 
90,1915.6367020517405 
100,1685.8556685902709 
110,1808.7849950248724 
120,4150.810976190481 
130,15992.307807142854 
140,15666.424531914898 
150,7682.720382488477 
160,13.712785714285715 
160,0 
