time,cpu@tsung_controller@ip-172-31-22-238 
0,0.25771452249875265 
10,0.25771452249875265 
20,0.25771452249875265 
30,0.25771452249875265 
40,0.25771452249875265 
50,0.25771452249875265 
60,0.25771452249875265 
70,0.25771452249875265 
80,0.25771452249875265 
90,0.25771452249875265 
100,0.25771452249875265 
110,0.25771452249875265 
120,0.25771452249875265 
130,0.25771452249875265 
140,0.25771452249875265 
150,0.25771452249875265 
160,0.25771452249875265 
