time,freemem@tsung_controller@ip-172-31-22-238 
0,3523.19140625 
10,3523.19140625 
20,3523.19140625 
30,3523.19140625 
40,3523.19140625 
50,3523.19140625 
60,3523.19140625 
70,3523.19140625 
80,3523.19140625 
90,3523.19140625 
100,3523.19140625 
110,3523.19140625 
120,3523.19140625 
130,3523.19140625 
140,3523.19140625 
150,3523.19140625 
160,3523.19140625 
