time,freemem@tsung_controller@ip-172-31-29-97 
0,3509.3046875 
10,3509.3046875 
20,3509.3046875 
30,3509.3046875 
40,3509.3046875 
50,3509.3046875 
60,3509.3046875 
70,3509.3046875 
80,3509.3046875 
90,3509.3046875 
100,3509.3046875 
110,3509.3046875 
120,3509.3046875 
130,3509.3046875 
131,3509.3046875 
