time,size_sent,size_rcv 
0,22.25625,76.87109375 
10,46.24921875,123.0796875 
20,40.85859375,128.7734375 
30,54.75390625,129.36484375 
40,49.91640625,126.18515625 
50,56.13515625,154.63046875 
60,122.06640625,224.1203125 
70,297.9578125,543.0671875 
80,200.01484375,367.03125 
90,643.28359375,1134.80546875 
100,867.859375,1324.7375 
110,884.36171875,1455.1953125 
120,335.5203125,852.415625 
130,37.4625,387.22109375 
131,0.4578125,1.47734375 
