time,page 
0,333.5503008651827 
10,604.2645535108272 
20,866.2030127415899 
30,983.086621618876 
40,2243.2829374487774 
50,2472.69186884197 
60,6842.2542284116935 
70,5581.186134301976 
80,5816.348384447982 
90,3531.470062626165 
100,1964.1639869309765 
110,2708.141833244305 
120,2519.4353710220203 
130,2729.2463386727345 
131,0.0 
