time,cpu@tsung_controller@ip-172-31-29-97 
0,0.6541930855041082 
10,2.3 
20,5.416248746238716 
30,2.2022022022022023 
40,2.50501002004008 
50,2.3092369477911645 
60,2.0080321285140563 
70,4.408817635270541 
80,5.1307847082494975 
90,2.6078234704112337 
100,11.952191235059761 
110,14.499999999999998 
120,13.494461228600201 
130,2.318548387096774 
131,0.501002004008016 
