time,load@tsung_controller@ip-172-31-29-97 
0,0.19140625 
10,0.16015625 
20,0.140625 
30,0.109375 
40,0.1015625 
50,0.078125 
60,0.0703125 
70,0.0703125 
80,0.0703125 
90,0.0703125 
100,0.0703125 
110,0.0703125 
120,0.0703125 
130,0.0703125 
131,0.0703125 
