time,freemem@tsung_controller@ip-172-31-29-97 
0,3509.3046875 
10,3507.99609375 
20,3505.578125 
30,3500.30859375 
40,3498.50390625 
50,3495.18359375 
60,3489.44921875 
70,3480.765625 
80,3475.3359375 
90,3474.3046875 
100,3467.8515625 
110,3458.95703125 
120,3457.00390625 
130,3456.56640625 
131,3457.6484375 
