time,cpu@tsung_controller@ip-172-31-29-97 
0,0.6541930855041082 
10,0.6541930855041082 
20,0.6541930855041082 
30,0.6541930855041082 
40,0.6541930855041082 
50,0.6541930855041082 
60,0.6541930855041082 
70,0.6541930855041082 
80,0.6541930855041082 
90,0.6541930855041082 
100,0.6541930855041082 
110,0.6541930855041082 
120,0.6541930855041082 
130,0.6541930855041082 
131,0.501002004008016 
