time,session 
0,2997.5998 
10,5436.674434782609 
20,11015.02414285714 
30,12020.730720000001 
40,16495.972636363636 
50,21718.19154545454 
60,19226.838736842106 
70,14335.226047619046 
80,12433.667092783502 
90,9399.643517985616 
100,6102.986278138526 
110,6616.738420442571 
120,8505.070759924383 
130,14779.995510101011 
131,22035.343 
