time,cpu@tsung_controller@ip-172-31-29-97 
0,0.6541930855041082 
10,2.3 
20,5.416248746238716 
30,5.416248746238716 
40,5.416248746238716 
50,5.416248746238716 
60,5.416248746238716 
70,5.416248746238716 
80,5.416248746238716 
90,5.416248746238716 
100,11.952191235059761 
110,14.499999999999998 
120,14.499999999999998 
130,14.499999999999998 
131,14.499999999999998 
