time,page 
0,432.2216571428571 
10,919.6257384615383 
20,3085.9465373134335 
30,3046.891318840579 
40,7316.584220338982 
50,10519.032442622953 
60,5008.164744525547 
70,3049.5887816593845 
80,3101.8223747927045 
90,1452.924928644766 
100,573.3299108771928 
110,959.4867685634981 
120,1639.239962900504 
130,3569.108476014765 
131,7.212 
