time,load@tsung_controller@ip-172-31-29-97 
0,0.19140625 
10,0.19140625 
20,0.19140625 
30,0.19140625 
40,0.19140625 
50,0.19140625 
60,0.19140625 
70,0.19140625 
80,0.19140625 
90,0.19140625 
100,0.19140625 
110,0.19140625 
120,0.19140625 
130,0.19140625 
131,0.19140625 
