time,session 
0,655.2302016813326 
10,2117.1294660149547 
20,1406.8386731731878 
30,2123.310381564815 
40,3592.5361509109734 
50,2022.231578795178 
60,12676.706561366489 
70,12063.200779204257 
80,10563.29831244746 
90,9832.309230601779 
100,5604.905195564974 
110,5522.723580803858 
120,5009.1980056439315 
130,3435.693983329325 
131,0.0 
