time,size_sent,size_rcv 
0,22.25625,76.87109375 
10,68.50546875,199.95078125 
20,109.3640625,328.72421875 
30,164.11796875,458.0890625 
40,214.034375,584.27421875 
50,270.16953125,738.9046875 
60,392.2359375,963.025 
70,690.19375,1506.0921875 
80,890.20859375,1873.1234375 
90,1533.4921875,3007.92890625 
100,2401.3515625,4332.66640625 
110,3285.71328125,5787.86171875 
120,3621.23359375,6640.27734375 
130,3658.69609375,7027.4984375 
131,3659.15390625,7028.97578125 
