time,session 
0,7581.417666666667 
10,11732.648944444443 
20,17690.446954545463 
30,23140.000103448274 
40,21743.560934426234 
50,26866.704999999998 
52,0 
