time,freemem@tsung_controller@ip-172-31-21-147 
0,3540.61328125 
10,3534.69140625 
20,3530.2734375 
30,3526.94921875 
40,3525.984375 
50,3525.96875 
52,3526.1015625 
