time,page 
0,1359.3828886836886 
10,2365.0097729076742 
20,2998.3975128794596 
30,3294.1664532285627 
40,4677.982271550843 
50,3.4092885214106237 
52,0 
