time,freemem@tsung_controller@ip-172-31-21-147 
0,3540.61328125 
10,3540.61328125 
20,3540.61328125 
30,3540.61328125 
40,3540.61328125 
50,3540.61328125 
52,3540.61328125 
