time,page 
0,2223.446880952381 
10,4897.494354430382 
20,7244.947222222222 
30,8434.53362352941 
40,5431.618754237288 
50,19.348666666666663 
52,0 
