time,session 
0,1161.4368241347538 
10,2307.6877052035943 
20,1779.2379770144285 
30,2042.588177463977 
40,3740.3925925875037 
50,4235.527371414883 
52,0 
