time,session 
0,1442.0182106534735 
10,1572.9805797985175 
