time,session 
0,3662.4925714285705 
10,7389.018451612903 
