time,page 
0,910.903365079365 
10,2584.2576233766226 
