time,cpu@tsung_controller@ip-172-31-29-97 
0,0.43624981892189063 
10,0.8999999999999999 
