time,connect,request 
0,4.8658888888888905,910.903365079365 
10,3.822436363636364,2584.2576233766226 
