time,size_sent,size_rcv 
0,25.20859375,83.66484375 
10,34.7828125,86.53359375 
