time,load@tsung_controller@ip-172-31-29-97 
0,0.078125 
10,0.0703125 
