time,connect,request 
0,8.943159034758786,863.6777495501489 
10,4.152929348450699,2151.2944142563806 
