time,page 
0,863.6777495501489 
10,2151.2944142563806 
