time,size_sent,size_rcv 
0,25.20859375,83.66484375 
10,59.99140625,170.1984375 
