time,freemem@tsung_controller@ip-172-31-26-87 
0,3541.07421875 
10,3541.07421875 
20,3541.07421875 
30,3541.07421875 
40,3541.07421875 
50,3541.07421875 
60,3541.07421875 
70,3541.07421875 
80,3541.07421875 
90,3541.07421875 
100,3541.07421875 
110,3541.07421875 
120,3541.07421875 
130,3541.07421875 
