time,cpu@tsung_controller@ip-172-31-26-87 
0,0.4114422026440549 
10,1.996007984031936 
20,1.996007984031936 
30,1.996007984031936 
40,1.996007984031936 
50,1.996007984031936 
60,1.996007984031936 
70,2.61569416498994 
80,2.61569416498994 
90,2.61569416498994 
100,2.61569416498994 
110,2.658486707566462 
120,2.658486707566462 
130,2.658486707566462 
