time,session 
0,2020.8065625000002 
10,2753.256 
20,3505.8853023255806 
30,4955.744485714285 
40,11152.720170731707 
50,15771.524173913045 
60,11677.836374999997 
70,14038.771671641798 
80,11643.715004651163 
90,8671.671513108604 
100,9520.048966966962 
110,7682.15521090909 
120,12121.117354430378 
130,18944.3638130841 
