time,page 
0,247.1757943925234 
10,241.91822131147543 
20,373.74033070866136 
30,1288.2701164383564 
40,4607.369341935485 
50,5908.867553763444 
60,2910.1624370229 
70,3895.5613792516942 
80,3097.7504385382053 
90,2314.1327614213214 
100,2219.6148114224134 
110,1961.2253177022274 
120,6000.226195512815 
130,3853.9163117647076 
