time,session 
0,1291.4657656589745 
10,2204.1273670003498 
20,2537.242014087706 
30,3304.7345791827684 
40,2358.1189056065455 
50,4818.15838419612 
60,9295.789248177593 
70,9135.49741560874 
80,9050.55961601232 
90,7810.934913190599 
100,7400.803688086647 
110,6221.916008308281 
120,6235.575573486065 
130,4215.875564271005 
