time,freemem@tsung_controller@ip-172-31-26-87 
0,3541.07421875 
10,3537.69140625 
20,3538.00390625 
30,3537.7109375 
40,3529.32421875 
50,3522.140625 
60,3516.75390625 
70,3511.9296875 
80,3508.7890625 
90,3507.0 
100,3505.4609375 
110,3504.5546875 
120,3504.2578125 
130,3504.22265625 
