time,page 
0,281.08049643070837 
10,308.6330167399069 
20,459.67618058241334 
30,1335.3879425803652 
40,1937.8573018709703 
50,4007.8221287657198 
60,4883.270282731367 
70,5329.28441996384 
80,4667.885579585618 
90,4218.389099298289 
100,3361.730319965695 
110,3390.127691480422 
120,3700.7692917922786 
130,3612.318070766983 
