time,cpu@tsung_controller@ip-172-31-26-87 
0,0.4114422026440549 
10,0.4114422026440549 
20,0.4114422026440549 
30,0.4114422026440549 
40,0.4114422026440549 
50,0.4114422026440549 
60,0.4114422026440549 
70,0.4114422026440549 
80,0.4114422026440549 
90,0.4114422026440549 
100,0.4114422026440549 
110,0.4114422026440549 
120,0.4114422026440549 
130,0.4114422026440549 
