time,size_sent,size_rcv 
0,65.5875,141.9390625 
10,71.73515625,142.88828125 
20,81.4328125,162.63828125 
30,125.78671875,250.50859375 
40,116.22734375,234.4140625 
50,116.76328125,204.759375 
60,222.9421875,312.228125 
70,266.86640625,398.76484375 
80,252.825,388.33203125 
90,381.1359375,536.08203125 
100,390.42578125,572.6296875 
110,341.0421875,463.93515625 
120,137.59453125,239.4875 
130,38.55703125,107.81640625 
