time,cpu@tsung_controller@ip-172-31-26-87 
0,0.4114422026440549 
10,1.996007984031936 
20,1.2012012012012012 
30,0.9009009009009009 
40,1.5090543259557343 
50,0.9072580645161291 
60,1.0070493454179255 
70,2.61569416498994 
80,1.7241379310344827 
90,2.129817444219067 
100,2.1538461538461537 
110,2.658486707566462 
120,2.3421588594704685 
130,0.6030150753768844 
