time,size_sent,size_rcv 
0,65.5875,141.9390625 
10,137.32265625,284.82734375 
20,218.75546875,447.465625 
30,344.5421875,697.97421875 
40,460.76953125,932.38828125 
50,577.5328125,1137.14765625 
60,800.475,1449.37578125 
70,1067.34140625,1848.140625 
80,1320.16640625,2236.47265625 
90,1701.30234375,2772.5546875 
100,2091.728125,3345.184375 
110,2432.7703125,3809.11953125 
120,2570.36484375,4048.60703125 
130,2608.921875,4156.4234375 
