time,connect,request 
0,7.066442915655413,47.20653312366157 
10,0.5270613335398322,61.362270552490436 
20,0.12849594123387806,28.442954819622596 
30,0.5251186912396061,35.017917883237004 
40,1.0413614434076057,34.455882358768825 
50,0.5813631685847049,25.45643657100624 
60,13.310725639498397,29.087857150424036 
70,0,21.179141776384043 
80,0,10.180515116554762 
87,0,9.403951450793912 
