time,freemem@tsung_controller@ip-172-31-29-97 
0,3517.44140625 
10,3516.63671875 
20,3513.50390625 
30,3510.60546875 
40,3507.95703125 
50,3506.69140625 
60,3502.0078125 
70,3497.98046875 
80,3489.9609375 
90,3487.796875 
100,3478.44140625 
110,3471.02734375 
120,3469.14453125 
130,3469.00390625 
140,3469.00390625 
150,3469.00390625 
160,3469.00390625 
170,3469.00390625 
180,3469.00390625 
190,3469.00390625 
200,3469.00390625 
210,3469.00390625 
213,3469.00390625 
