time,session 
10,13630.397666666666 
20,18759.667133333332 
30,21342.853785714284 
40,24536.189937500007 
50,28421.255636363636 
60,23388.95466666666 
70,13044.970403508767 
80,12165.726584905664 
90,6890.5413741496595 
100,6362.057398357288 
110,6772.495927215182 
120,8280.86332380953 
130,34735.64314285714 
140,30504.654774193543 
150,45425.31721052632 
160,52016.74002127657 
170,58984.32707692307 
180,67013.83946428573 
190,0 
200,106994.513 
210,115947.8835 
213,108195.664 
