time,session 
10,1082.2548899248375 
20,2581.206433220219 
30,3552.2987886212736 
40,2528.511398049217 
50,3063.8468678831705 
60,15769.454584718987 
70,14355.023883275 
80,14453.80033431959 
90,9573.51904822703 
100,9565.354325964416 
110,9764.594368842914 
120,9140.24465554621 
130,14435.7825384014 
140,6501.897046152373 
150,11718.09356289197 
160,6667.499845481251 
170,8487.052755145249 
180,3882.7420928868682 
190,0 
200,0.0 
210,931.0875000000051 
213,0.0 
