time,load@tsung_controller@ip-172-31-29-97 
0,0.0 
10,0.0 
20,0.0 
30,0.0 
40,0.0 
50,0.0 
60,0.0 
70,0.0 
80,0.0 
90,0.0 
100,0.0703125 
110,0.140625 
120,0.140625 
130,0.140625 
140,0.140625 
150,0.140625 
160,0.140625 
170,0.140625 
180,0.140625 
190,0.140625 
200,0.140625 
210,0.140625 
213,0.140625 
