time,load@tsung_controller@ip-172-31-29-97 
0,0.0 
10,0.0 
20,0.0 
30,0.0 
40,0.0 
50,0.0 
60,0.0 
70,0.0 
80,0.0 
90,0.0 
100,0.0703125 
110,0.140625 
120,0.109375 
130,0.1015625 
140,0.078125 
150,0.0703125 
160,0.05859375 
170,0.05078125 
180,0.0390625 
190,0.03125 
200,0.03125 
210,0.01953125 
213,0.01953125 
