time,freemem@tsung_controller@ip-172-31-29-97 
0,3517.44140625 
10,3517.44140625 
20,3517.44140625 
30,3517.44140625 
40,3517.44140625 
50,3517.44140625 
60,3517.44140625 
70,3517.44140625 
80,3517.44140625 
90,3517.44140625 
100,3517.44140625 
110,3517.44140625 
120,3517.44140625 
130,3517.44140625 
140,3517.44140625 
150,3517.44140625 
160,3517.44140625 
170,3517.44140625 
180,3517.44140625 
190,3517.44140625 
200,3517.44140625 
210,3517.44140625 
213,3517.44140625 
