time,load@tsung_controller@ip-172-31-29-41 
0,0.0 
10,0.0 
20,0.0 
30,0.0 
40,0.0 
50,0.0 
60,0.0703125 
70,0.05859375 
80,0.05078125 
88,0.0390625 
