time,request,connect 
0,430.1292142857143,3.7946363636363625 
