time,request,connect 
0,427.31290779254584,5.632106037107536 
