time,load@tsung_controller@ip-172-31-25-97 
0,0.01171875 
10,0.0 
20,0.0 
30,0.0 
40,0.0 
50,0.0 
60,0.0 
70,0.0 
80,0.0 
90,0.0 
100,0.0 
110,0.0 
120,0.0 
130,0.0 
140,0.0 
150,0.0 
160,0.0 
170,0.0 
180,0.0 
190,0.0 
200,0.0 
210,0.1484375 
220,0.12109375 
230,0.1015625 
240,0.08984375 
250,0.0703125 
260,0.140625 
270,0.12109375 
280,0.1015625 
290,0.16015625 
300,0.12890625 
310,0.109375 
320,0.1015625 
330,0.078125 
340,0.0703125 
350,0.05859375 
357,0.05078125 
