time,cpu@tsung_controller@ip-172-31-25-97 
0,4.529782863849766 
10,1.3902681231380336 
20,0.8 
30,0.8 
40,0.8 
50,0.8 
60,0.8 
70,0.8 
80,0.8 
90,0.8 
100,0.8 
110,0.8 
120,0.8 
130,0.8 
140,0.8 
150,0.8 
160,0.8 
170,0.8 
180,0.8 
190,0.8 
200,0.8 
210,0.8 
220,0.8 
230,0.8 
240,0.8 
250,0.8 
260,0.8 
270,0.8 
280,0.8 
290,0.8 
300,0.8 
310,0.8 
320,0.8 
330,0.8 
340,0.8 
350,0.8 
357,0.8 
