time,cpu@tsung_controller@ip-172-31-30-190 
0,0.9917857504512179 
10,0.9917857504512179 
20,0.9917857504512179 
30,0.7992007992007992 
40,0.7992007992007992 
50,0.1 
60,0.1 
70,0.1 
80,0.1 
90,0.1 
100,0.1 
108,0.1 
