time,size_sent,size_rcv 
0,0.9984375,5.4 
10,2.3296875,12 
20,3.771875,20.40078125 
30,5.325,28.8015625 
40,6.3234375,34.20234375 
50,6.65625,36.00234375 
60,7.765625,42.00234375 
70,8.209375,44.403125 
80,8.7640625,47.403125 
90,9.31875,50.403125 
100,9.8734375,53.403125 
108,9.984375,54.003125 
