time,session 
0,61.407666666666664 
10,51.68478571428572 
20,50.39245454545455 
30,51.24726666666667 
40,51.52225 
50,50.19566666666666 
60,58.908500000000004 
70,50.8165 
80,50.3206 
90,50.281000000000006 
100,49.5085 
108,46.802 
