time,page 
0,31.08708611840829 
10,2.942748507239365 
20,4.853510154138602 
30,3.418191866726487 
40,2.128756780869709 
50,0.6792065632453466 
60,22.505611217871863 
70,0.4077513795194339 
80,0.8401020414211595 
90,1.0639183051343752 
100,0.8385969234381924 
108,0.0 
