time,freemem@tsung_controller@ip-172-31-30-190 
0,3535.8203125 
10,3537.34765625 
20,3536.59375 
30,3536.38671875 
40,3535.66796875 
50,3535.6796875 
60,3535.6875 
70,3535.33984375 
80,3535.34765625 
90,3535.23046875 
100,3535.1171875 
108,3534.62109375 
