time,load@tsung_controller@ip-172-31-30-190 
0,0.0 
10,0.0 
20,0.078125 
30,0.078125 
40,0.078125 
50,0.078125 
60,0.078125 
70,0.078125 
80,0.078125 
90,0.078125 
100,0.078125 
108,0.08984375 
