time,cpu@tsung_controller@ip-172-31-30-190 
0,0.9917857504512179 
10,2.097902097902098 
20,2.80561122244489 
30,2.80561122244489 
40,2.80561122244489 
50,2.80561122244489 
60,2.80561122244489 
70,2.80561122244489 
80,2.80561122244489 
90,2.80561122244489 
100,2.80561122244489 
108,6.720160481444333 
