time,connect,request 
0,33.56711111111111,59.179 
10,23.123250000000002,48.58963636363635 
20,23.51953846153846,49.671571428571426 
30,23.350357142857142,49.39007142857143 
40,23.955444444444442,49.55488888888888 
50,22.076666666666668,46.48866666666667 
60,30.943600000000004,56.1639 
70,23.127,48.90025 
80,22.6718,48.4036 
90,23.2154,48.6948 
100,22.3822,47.403999999999996 
108,21.189,44.886 
