time,size_sent,size_rcv 
0,0.9984375,5.4 
10,1.33125,6.6 
20,1.4421875,8.40078125 
30,1.553125,8.40078125 
40,0.9984375,5.40078125 
50,0.3328125,1.8 
60,1.109375,6 
70,0.44375,2.40078125 
80,0.5546875,3 
90,0.5546875,3 
100,0.5546875,3 
108,0.1109375,0.6 
