time,connect,request 
0,31.223141561791216,31.08708611840829 
10,1.6448971662386673,2.942748507239365 
20,1.7763818289902826,4.853510154138602 
30,1.2051453147201114,3.418191866726487 
40,1.8136812234367194,2.128756780869709 
50,0.33834531998471085,0.6792065632453466 
60,22.723016028687745,22.505611217871863 
70,0.4390261951182417,0.4077513795194339 
80,0.11828677018162215,0.8401020414211595 
90,0.4548206679560635,1.0639183051343752 
100,0.4103468776535282,0.8385969234381924 
108,0.0,0.0 
