time,session 
0,636.6367775606741 
10,2143.5892197654694 
20,3071.4159978909593 
30,3319.9186243904783 
40,2766.636021654933 
50,8184.858920043998 
60,12440.461914394382 
70,12095.891228438975 
80,15869.037201460964 
90,13921.723472706808 
100,13943.002107142624 
110,15554.931583527197 
