time,size_sent,size_rcv 
0,25.6046875,118.7625 
10,67.22109375,247.0203125 
20,118.359375,462.50078125 
30,182.21875,656.56171875 
40,238.03671875,900.3859375 
50,371.62265625,1289.44375 
60,535.2765625,1610.05078125 
70,720.503125,1929.4890625 
80,870.88125,2159.22421875 
90,1101.546875,2502.37265625 
100,1312.80546875,2823.6765625 
110,1563.8828125,3185.32421875 
