time,size_sent,size_rcv 
0,25.6046875,118.7625 
10,41.61640625,128.2578125 
20,51.13828125,215.48046875 
30,63.859375,194.0609375 
40,55.81796875,243.82421875 
50,133.5859375,389.0578125 
60,163.65390625,320.60703125 
70,185.2265625,319.43828125 
80,150.378125,229.73515625 
90,230.665625,343.1484375 
100,211.25859375,321.30390625 
110,251.07734375,361.64765625 
