time,cpu@tsung_controller@ip-172-31-22-238 
0,0.2515344342478601 
10,0.2515344342478601 
20,0.2515344342478601 
30,0.2515344342478601 
40,0.2515344342478601 
50,0.2515344342478601 
60,0.2515344342478601 
70,0.2515344342478601 
80,0.2515344342478601 
90,0.2515344342478601 
100,0.2515344342478601 
110,0.2515344342478601 
