time,page 
0,377.87409230769225 
10,1387.8534864864857 
20,3633.637146551725 
30,5117.748803921568 
40,8293.103645833335 
50,5225.536013559322 
60,3118.9206216768903 
70,2063.0997471910105 
80,4031.5001558753015 
90,2569.563609696969 
100,2209.5378977272753 
110,2938.575238927741 
