time,session 
0,2524.2192222222225 
10,7437.230176470587 
20,14674.57104 
30,17981.030033333336 
40,20513.609483870965 
50,18017.437043478258 
60,13601.590395833331 
70,11910.74909745763 
80,16025.948035971225 
90,11486.978300781253 
100,11498.653451127826 
110,12167.291003558723 
