time,page 
0,377.6717521310607 
10,1327.7465930003793 
20,2519.3769868175204 
30,2825.1537647201703 
40,2788.3881597901127 
50,4521.75084116186 
60,5522.550384679273 
70,5660.391138526779 
80,8428.804489861459 
90,7561.351196185064 
100,6930.7876413450595 
110,8548.716706913605 
