time,cpu@tsung_controller@ip-172-31-22-238 
0,0.2515344342478601 
10,2.6026026026026026 
20,0.8 
30,0.6018054162487462 
40,1.1011011011011012 
50,0.802407221664995 
60,0.9054325955734407 
70,1.7085427135678393 
80,1.6177957532861478 
90,1.2096774193548387 
100,2.217741935483871 
110,2.708124373119358 
