time,freemem@tsung_controller@ip-172-31-22-238 
0,3526.0703125 
10,3526.0703125 
20,3526.0703125 
30,3526.0703125 
40,3526.0703125 
50,3526.0703125 
60,3526.0703125 
70,3526.0703125 
80,3526.0703125 
90,3526.0703125 
100,3526.0703125 
110,3526.0703125 
