time,freemem@tsung_controller@ip-172-31-22-238 
0,3526.0703125 
10,3524.01953125 
20,3520.41796875 
30,3515.9453125 
40,3513.41015625 
50,3507.01953125 
60,3499.125 
70,3495.97265625 
80,3493.8984375 
90,3492.3984375 
100,3491.2890625 
110,3490.8046875 
