time,cpu@tsung_controller@ip-172-31-22-238 
0,0.2515344342478601 
10,2.6026026026026026 
20,2.6026026026026026 
30,2.6026026026026026 
40,2.6026026026026026 
50,2.6026026026026026 
60,2.6026026026026026 
70,2.6026026026026026 
80,2.6026026026026026 
90,2.6026026026026026 
100,2.6026026026026026 
110,2.708124373119358 
